{"env_name": "P1", "mdl_name": "dynamic_point", "delta_q": 0.7, "k": 3500, "rrt_strategy": 0, "iterations": 10, "mean": 15.79999999999996, "std_dev": 0.0, "worst": 15.79999999999996, "best": 15.79999999999996}