{"env_name": "P1", "mdl_name": "kinematic_point", "delta_q": 0.7, "k": 3500, "rrt_strategy": 0, "iterations": 7, "mean": 14.399999999999965, "std_dev": 0.0, "worst": 14.399999999999965, "best": 14.399999999999965, "mean_rrt": 0.016903366361345564, "worst_rrt": 0.042612314224243164, "best_rrt": 0.005013227462768555}