{"env_name": "P11", "mdl_name": "kinematic_point", "delta_q": 0.7, "k": 3500, "rrt_strategy": 0, "iterations": 7, "mean": 4.799999999999998, "std_dev": 8.881784197001252e-16, "worst": 4.799999999999999, "best": 4.799999999999999, "mean_rrt": 0.01690319606236049, "worst_rrt": 0.043121337890625, "best_rrt": 0.005013227462768555}