{"env_name": "P11", "mdl_name": "dynamic_point", "delta_q": 0.7, "k": 3500, "rrt_strategy": 0, "iterations": 10, "mean": 10.899999999999977, "std_dev": 0.0, "worst": 10.899999999999977, "best": 10.899999999999977}