{"env_name": "P12", "mdl_name": "kinematic_point", "delta_q": 0.7, "k": 3500, "rrt_strategy": 0, "iterations": 10, "mean": 18.940000000000012, "std_dev": 4.15095169810495, "worst": 26.400000000000105, "best": 14.199999999999966}