{"env_name": "P12", "mdl_name": "kinematic_point", "delta_q": 0.7, "k": 3500, "rrt_strategy": 0, "iterations": 7, "mean": 18.600000000000012, "std_dev": 4.874129958992006, "worst": 27.000000000000114, "best": 14.399999999999965, "mean_rrt": 0.621164049421038, "worst_rrt": 1.7517240047454834, "best_rrt": 0.1987001895904541}