{"env_name": "P12", "mdl_name": "dynamic_point", "delta_q": 0.7, "k": 3500, "rrt_strategy": 0, "iterations": 10, "mean": 27.410000000000128, "std_dev": 11.54958440810766, "worst": 48.50000000000042, "best": 14.299999999999965}