{"env_name": "P12", "mdl_name": "kinematic_car", "delta_q": 0.7, "k": 3500, "rrt_strategy": 0, "iterations": 10, "mean": 32.25000000000019, "std_dev": 13.07985091658176, "worst": 57.70000000000055, "best": 14.899999999999963, "mean_rrt": 1.405780291557312, "worst_rrt": 3.7780449390411377, "best_rrt": 0.32737088203430176}