{"env_name": "P13", "mdl_name": "kinematic_point", "delta_q": 0.7, "k": 3500, "rrt_strategy": 0, "iterations": 10, "mean": 53.000000000000476, "std_dev": 0.8899438184514923, "worst": 54.2000000000005, "best": 51.60000000000046}