{"env_name": "P3", "mdl_name": "differential_drive", "delta_q": 0.7, "k": 3500, "rrt_strategy": 0, "iterations": 10, "mean": 88.60999999999925, "std_dev": 1.7224691579240723, "worst": 91.59999999999907, "best": 86.89999999999934}