{"env_name": "P3", "mdl_name": "dynamic_point", "delta_q": 0.7, "k": 3500, "rrt_strategy": 0, "iterations": 10, "mean": 85.5699999999994, "std_dev": 3.6802309710123438, "worst": 88.89999999999922, "best": 78.39999999999982}