{
	"env_name": "P3",
	"mdl_name": "dynamic_point",
	"delta_q": 1,
	"k": 4000,
	"rrt_strategy": 0,
	"iterations": 7,
	"mean": 87.74285714285644,
	"std_dev": 5.0584744009734015,
	"worst": 96.79999999999878,
	"best": 80.29999999999971,
	"mean_rrt": 1.591393164225987,
	"std_dev_rrt": 0.5719373898475892,
	"worst_rrt": 2.9009032249450684,
	"best_rrt": 1.003767490386963
}