{
	"env_name": "P2",
	"mdl_name": "kinematic_car",
	"delta_q": 1,
	"k": 4000,
	"rrt_strategy": 0,
	"iterations": 7,
	"mean": 51.30000000000024,
	"std_dev": 16.59733197147725,
	"worst": 85.8999999999994,
	"best": 38.50000000000028,
	"mean_rrt": 0.323331390108381,
	"std_dev_rrt": 0.3516688333576623,
	"worst_rrt": 1.1801538467407227,
	"best_rrt": 0.12057924270629883
}