{
	"env_name": "P1",
	"mdl_name": "dynamic_point",
	"delta_q": 1,
	"k": 4000,
	"rrt_strategy": 0,
	"iterations": 7,
	"mean": 15.799999999999958,
	"std_dev": 1.7763568394002505e-15,
	"worst": 15.79999999999996,
	"best": 15.79999999999996,
	"mean_rrt": 0.02906104496547154,
	"std_dev_rrt": 0.01348296542432829,
	"worst_rrt": 0.04838418960571289,
	"best_rrt": 0.013504981994628906
}