{
	"env_name": "P2",
	"mdl_name": "dynamic_point",
	"delta_q": 1,
	"k": 4000,
	"rrt_strategy": 0,
	"iterations": 7,
	"mean": 36.3571428571431,
	"std_dev": 3.865176818301476,
	"worst": 40.60000000000031,
	"best": 30.100000000000158,
	"mean_rrt": 0.46797302791050505,
	"std_dev_rrt": 0.35136695907130727,
	"worst_rrt": 1.1592607498168945,
	"best_rrt": 0.15842032432556152
}