{
	"env_name": "P11",
	"mdl_name": "kinematic_point",
	"delta_q": 1,
	"k": 4000,
	"rrt_strategy": 0,
	"iterations": 7,
	"mean": 4.799999999999998,
	"std_dev": 8.881784197001252e-16,
	"worst": 4.799999999999999,
	"best": 4.799999999999999,
	"mean_rrt": 0.03606016295296805,
	"std_dev_rrt": 0.011374999886350897,
	"worst_rrt": 0.05514335632324219,
	"best_rrt": 0.015625953674316406
}