{
	"env_name": "P12",
	"mdl_name": "kinematic_car",
	"delta_q": 1,
	"k": 4000,
	"rrt_strategy": 0,
	"iterations": 7,
	"mean": 40.685714285714596,
	"std_dev": 14.051174691252232,
	"worst": 63.700000000000635,
	"best": 23.600000000000065,
	"mean_rrt": 0.5413793495723179,
	"std_dev_rrt": 0.44903563137995756,
	"worst_rrt": 1.3742196559906006,
	"best_rrt": 0.0962975025177002
}