{
	"env_name": "P12",
	"mdl_name": "dynamic_point",
	"delta_q": 1,
	"k": 4000,
	"rrt_strategy": 0,
	"iterations": 7,
	"mean": 29.557142857143017,
	"std_dev": 11.177638025841508,
	"worst": 45.00000000000037,
	"best": 14.399999999999965,
	"mean_rrt": 0.6776000091007778,
	"std_dev_rrt": 0.5068580345663093,
	"worst_rrt": 1.8198351860046387,
	"best_rrt": 0.1739671230316162
}