{
	"env_name": "P13",
	"mdl_name": "kinematic_car",
	"delta_q": 1,
	"k": 4000,
	"rrt_strategy": 0,
	"iterations": 7,
	"mean": 70.64285714285721,
	"std_dev": 12.534393499812904,
	"worst": 92.49999999999902,
	"best": 51.700000000000465,
	"mean_rrt": 3.1013106959206715,
	"std_dev_rrt": 1.115890288106881,
	"worst_rrt": 4.703794479370117,
	"best_rrt": 1.7720794677734375
}