{
	"env_name": "P11",
	"mdl_name": "differential_drive",
	"delta_q": 1,
	"k": 4000,
	"rrt_strategy": 0,
	"iterations": 7,
	"mean": 7.999999999999987,
	"std_dev": 8.881784197001252e-16,
	"worst": 7.999999999999988,
	"best": 7.999999999999988,
	"mean_rrt": 0.033500535147530694,
	"std_dev_rrt": 0.016337197823473766,
	"worst_rrt": 0.0530085563659668,
	"best_rrt": 0.009644269943237305
}