{"env_name": "P1", "mdl_name": "kinematic_point", "delta_q": 1.0, "k": 4000, "rrt_strategy": 0, "iterations": 7, "mean": 14.399999999999965, "std_dev": 0.0, "worst": 14.399999999999965, "best": 14.399999999999965, "mean_rrt": 0.018111467361450195, "std_dev_rrt": 0.01787225000353542, "worst_rrt": 0.05030202865600586, "best_rrt": 0.0}