{
	"env_name": "P1",
	"mdl_name": "kinematic_car",
	"delta_q": 1,
	"k": 4000,
	"rrt_strategy": 0,
	"iterations": 7,
	"mean": 18.599999999999994,
	"std_dev": 0,
	"worst": 18.599999999999994,
	"best": 18.599999999999994,
	"mean_rrt": 0.023571491241455078,
	"std_dev_rrt": 0.007814677651510346,
	"worst_rrt": 0.036196231842041016,
	"best_rrt": 0.014589071273803711
}