{
	"env_name": "P13",
	"mdl_name": "dynamic_point",
	"delta_q": 1,
	"k": 4000,
	"rrt_strategy": 0,
	"iterations": 7,
	"mean": 60.17142857142903,
	"std_dev": 6.9196850229128275,
	"worst": 75.89999999999996,
	"best": 55.80000000000052,
	"mean_rrt": 2.9725923197610036,
	"std_dev_rrt": 0.5727990074728484,
	"worst_rrt": 4.076932668685913,
	"best_rrt": 2.0414607524871826
}