{
	"env_name": "P12",
	"mdl_name": "kinematic_point",
	"delta_q": 1,
	"k": 4000,
	"rrt_strategy": 0,
	"iterations": 7,
	"mean": 16.671428571428564,
	"std_dev": 3.818269722461954,
	"worst": 23.000000000000057,
	"best": 14.099999999999966,
	"mean_rrt": 0.3251382963997977,
	"std_dev_rrt": 0.2936611520520324,
	"worst_rrt": 0.8381977081298828,
	"best_rrt": 0.08897829055786133
}