{
	"env_name": "P3",
	"mdl_name": "kinematic_car",
	"delta_q": 1,
	"k": 4000,
	"rrt_strategy": 0,
	"iterations": 7,
	"mean": 110.91428571428368,
	"std_dev": 11.392407066792138,
	"worst": 125.09999999999717,
	"best": 90.29999999999914,
	"mean_rrt": 1.9271016120910645,
	"std_dev_rrt": 0.8029437250445732,
	"worst_rrt": 3.6301732063293457,
	"best_rrt": 0.9166665077209473
}