{
	"env_name": "P1",
	"mdl_name": "differential_drive",
	"delta_q": 0.7,
	"k": 3500,
	"rrt_strategy": 0,
	"iterations": 10,
	"mean": 17.399999999999977,
	"std_dev": 0,
	"worst": 17.399999999999977,
	"best": 17.399999999999977
}