{
	"env_name": "P1",
	"mdl_name": "kinematic_car",
	"delta_q": 0.7,
	"k": 3500,
	"rrt_strategy": 0,
	"iterations": 10,
	"mean": 18.599999999999994,
	"std_dev": 0,
	"worst": 18.599999999999994,
	"best": 18.599999999999994
}