{"env_name": "P1", "mdl_name": "kinematic_point", "delta_q": 0.7, "k": 3500, "rrt_strategy": 0, "iterations": 7, "mean": 14.399999999999965, "std_dev": 0.0, "worst": 14.399999999999965, "best": 14.399999999999965, "mean_rrt": 0.010521105357578822, "std_dev_rrt": 0.009969160735799433, "worst_rrt": 0.0345914363861084, "best_rrt": 0.00498509407043457}