{"env_name": "P12", "mdl_name": "dynamic_point", "delta_q": 0.7, "k": 3500, "rrt_strategy": 0, "iterations": 10, "mean": 26.31000000000011, "std_dev": 7.52614775300097, "worst": 39.000000000000284, "best": 14.799999999999963}