{
	"env_name": "P12",
	"mdl_name": "kinematic_car",
	"delta_q": 0.7,
	"k": 3500,
	"rrt_strategy": 0,
	"iterations": 10,
	"mean": 30.980000000000178,
	"std_dev": 10.792293546786208,
	"worst": 50.300000000000445,
	"best": 14.899999999999963
}