{"env_name": "P13", "mdl_name": "kinematic_point", "delta_q": 0.7, "k": 3500, "rrt_strategy": 0, "iterations": 10, "mean": 52.81000000000048, "std_dev": 0.8960468737739242, "worst": 54.2000000000005, "best": 51.100000000000456}