{"env_name": "P13", "mdl_name": "dynamic_point", "delta_q": 0.7, "k": 3500, "rrt_strategy": 0, "iterations": 10, "mean": 66.85000000000035, "std_dev": 7.489759675716975, "worst": 81.09999999999967, "best": 53.50000000000049}