{
	"env_name": "P3",
	"mdl_name": "differential_drive",
	"delta_q": 0.7,
	"k": 3500,
	"rrt_strategy": 0,
	"iterations": 10,
	"mean": 89.83999999999918,
	"std_dev": 1.9754493159784072,
	"worst": 93.69999999999895,
	"best": 87.39999999999931
}