{"env_name": "P3", "mdl_name": "kinematic_point", "delta_q": 0.7, "k": 3500, "rrt_strategy": 0, "iterations": 7, "mean": 79.19999999999978, "std_dev": 1.2850792082312994, "worst": 80.89999999999968, "best": 77.69999999999986, "mean_rrt": 2.722128527505057, "std_dev_rrt": 0.5039734238890964, "worst_rrt": 3.5569827556610107, "best_rrt": 2.0399563312530518}